i,a,b,title,type,year,final,motivo,evidencia,flags
924,Wizkid,Davido,Ondo State Vice President,song,2013,INVALIDA_PENDENTE,"título absurdo, fabricação provável",,
927,Burna Boy,Coldplay,Moon Music,song,2024,INVALIDA_PENDENTE,"Moon Music é álbum Coldplay, não feat com Burna",,
956,Davido,Future,Risky,song,2018,INVALIDA_PENDENTE,"Risky é com Popcaan, não Future",,
978,Yemi Alade,Funke Akindele,Oga Oh,song,2021,INVALIDA_PENDENTE,"Funke Akindele é atriz, não cantora; provável fabricação",,
1713,Ivete Sangalo,David Guetta,Mad Love,song,2018,INVALIDA_PENDENTE,par improvável Axé x EDM; 'Mad Love' não é dela,,
1714,Claudia Leitte,Pitbull,We Are One (Ole Ola),song,2014,INVALIDA_PENDENTE,'We Are One' é Pitbull/J.Lo/Claudia Leitte; não esse par bilateral assim,,
1719,Pabllo Vittar,Gloria Groove,Que Tiro Foi Esse?,song,2018,INVALIDA_PENDENTE,"'Que Tiro Foi Esse?' é Jojo Maronttinni, não Pabllo x Gloria",,
1759,Ivete Sangalo,Claudia Leitte,Largadinho,song,2014,INVALIDA_PENDENTE,"'Largadinho' é só da Claudia Leitte, não dueto com Ivete",,
1761,Ivete Sangalo,Léo Santana,Galinha Pintadinha,song,2019,INVALIDA_PENDENTE,'Galinha Pintadinha' não é colaboração Ivete x Léo Santana,,
2304,Chico Buarque,Elis Regina,Elis & Tom,album,1974,INVALIDA_PENDENTE,"Elis & Tom é com Tom Jobim, não Chico Buarque",,
2308,Ivete Sangalo,Anitta,Esse Cara Sou Eu,song,2014,INVALIDA_PENDENTE,"Esse Cara Sou Eu é de Roberto Carlos, não dessa dupla",,
2313,Anitta,Bad Bunny,Ojitos Lindos,song,2022,INVALIDA_PENDENTE,"Ojitos Lindos é Bad Bunny com Bomba Estéreo, não Anitta",,
2333,Froid,Criolo,Convoque Seu Buda,album,2014,INVALIDA_PENDENTE,"Convoque Seu Buda é álbum de Criolo, não parceria com Froid",,
2784,Marisa Monte,Anitta,Ao Vivo,live,2019,INVALIDA_PENDENTE,título genérico; Marisa Monte x Anitta improvável ao vivo,,generic_title
3963,Gzuz,Haftbefehl,Stress ohne Grund,song,2017,INVALIDA_PENDENTE,"'Stress ohne Grund' é de Shindy/Bushido, não Gzuz×Haftbefehl",,
3972,Apache 207,RAF Camora,Komet,song,2022,INVALIDA_PENDENTE,"'Komet' é Apache 207 com Udo Lindenberg, não RAF Camora",,
3987,Casper,Marteria,Mosaik,album,2017,INVALIDA_PENDENTE,"'Mosaik' é álbum solo de Marteria, não dueto com Casper",,
3992,Haftbefehl,Kollegah,Nur ein Wort,song,2009,INVALIDA_PENDENTE,"'Nur ein Wort' é de Wir sind Helden, não Haftbefehl×Kollegah",,
4171,Aurora,Guns N' Roses,Sweet Child of Mine,song,2016,INVALIDA_PENDENTE,cover/cross improvável Aurora x Guns N' Roses,,
5760,Lenny Kravitz,Jay-Z,Guns and Roses,song,2001,INVALIDA_PENDENTE,não existe música 'Guns and Roses' entre Kravitz e Jay-Z,,
5780,Polo G,Lil Baby,Pop Out,song,2019,INVALIDA_PENDENTE,"'Pop Out' é de Polo G com Lil Tjay, não Lil Baby",,
5781,Surfaces,Kid Cudi,Learn to Fly,song,2020,INVALIDA_PENDENTE,"'Learn to Fly' é dos Foo Fighters, não Surfaces/Kid Cudi",,
5786,George Ezra,Dua Lipa,Hold My Girl (Live),live,2019,INVALIDA_PENDENTE,"'Hold My Girl' é solo de George Ezra, sem Dua Lipa",,
5795,Bad Bunny,The Weeknd,Caro,song,2020,INVALIDA_PENDENTE,'Caro' não é colaboração com The Weeknd,,
5800,Bad Bunny,Myke Towers,Si Veo a Tu Mamá,song,2020,INVALIDA_PENDENTE,"'Si Veo a Tu Mamá' é solo de Bad Bunny, sem Myke Towers",,
5820,Daddy Yankee,Don Omar,Conteo,song,2004,INVALIDA_PENDENTE,"'Conteo' é solo de Don Omar, sem Daddy Yankee",,
5825,Daddy Yankee,Psy,Gangnam Style (remix),remix,2012,INVALIDA_PENDENTE,'Gangnam Style Remix' não existe com Daddy Yankee,,
5846,Maluma,Nicki Minaj,Pitbull,song,2018,INVALIDA_PENDENTE,'Pitbull' não é música de Maluma com Nicki Minaj,,
5847,Maluma,Marc Anthony,El Perdedor,song,2021,INVALIDA_PENDENTE,"'El Perdedor' é solo de Maluma, sem Marc Anthony",,
6224,Big Thief,Adrianne Lenker,Two Hands,album,2019,INVALIDA_PENDENTE,"Adrianne Lenker é membro do Big Thief, não colaboração entre pares",,
6228,The Mars Volta,At the Drive-In,Acrobatic Tenement (predecessor band),album,1996,INVALIDA_PENDENTE,"Acrobatic Tenement é álbum do At the Drive-In, não colab entre bandas",,
6230,Eagles of Death Metal,Josh Homme,Peace Love Death Metal,album,2004,INVALIDA_PENDENTE,"Josh Homme é membro do Eagles of Death Metal, não colab entre pares",,
6233,La Femme,Gorillaz,Saturnz Barz (shared tourline Europe),live,2017,INVALIDA_PENDENTE,"par improvável; Saturnz Barz é faixa do Gorillaz, não colab com La Femme",,
6236,Paramore,Zac Farro,After Laughter,album,2017,INVALIDA_PENDENTE,"Zac Farro é baterista do Paramore, não colab entre pares",,
6237,Twenty One Pilots,Stressed Out collab with Kygo,Never Let You Go,song,2015,INVALIDA_PENDENTE,colaboração Twenty One Pilots com Kygo inexistente; título fabricado,,
6238,Fall Out Boy,Courtney Love,Beat It (Mike Shinoda remix) era connection,feature,2008,INVALIDA_PENDENTE,conexão fabricada entre Fall Out Boy e Courtney Love,,
6239,Panic! at the Disco,Brendon Urie,Vices & Virtues,album,2011,INVALIDA_PENDENTE,"Brendon Urie é o Panic! at the Disco, não colab entre pares",,
6240,My Chemical Romance,Gerard Way,The Black Parade,album,2006,INVALIDA_PENDENTE,"Gerard Way é vocalista do MCR, não colab entre pares",,
6248,Tom Morello,Rage Against the Machine,Evil Empire,album,1996,INVALIDA_PENDENTE,Tom Morello é membro do RATM; Evil Empire é álbum da banda,,
6249,Tom Morello,Audioslave,Revelations,album,2006,INVALIDA_PENDENTE,Tom Morello é membro do Audioslave; Revelations é álbum da banda,,
6253,Oasis,Noel Gallagher,(What's the Story) Morning Glory?,album,1995,INVALIDA_PENDENTE,Noel Gallagher é membro do Oasis; álbum da própria banda,,
6255,Radiohead,Portishead,Atoms for Peace co-inspiration / Glastonbury shared bill,live,2013,INVALIDA_PENDENTE,"rótulo fabricado; Atoms for Peace é projeto de Thom Yorke, não colab Radiohead/Portishead",,
6257,Waxahatchee,Katie Crutchfield,Saint Cloud,album,2020,INVALIDA_PENDENTE,Katie Crutchfield é a Waxahatchee; Saint Cloud é álbum dela,,
6258,Hand Habits,Meg Duffy,Fun House,album,2019,INVALIDA_PENDENTE,Meg Duffy é a Hand Habits; álbum do mesmo projeto,,
6259,Cat Power,Chan Marshall,You Are Free,album,2003,INVALIDA_PENDENTE,Chan Marshall é a Cat Power; You Are Free é álbum dela,,
6267,Led Zeppelin,The Black Crowes,No Quarter: Jimmy Page and Robert Plant Unledded,album,1994,INVALIDA_PENDENTE,"Unledded é projeto de Page e Plant, não colab com The Black Crowes",,
6295,Carlos Santana,Evander Grillo,Maria Maria,song,2000,INVALIDA_PENDENTE,"Maria Maria foi com The Product G&B/Wyclef, não Evander Grillo (nome fabricado)",,
6534,Barry White,Quincy Jones,Soul Bossa Nova,feature,1969,INVALIDA_PENDENTE,"Soul Bossa Nova é de Quincy Jones, Barry White não participa",,
6536,Curtis Mayfield,Wyclef Jean,Ghetto Superstar,feature,1998,INVALIDA_PENDENTE,Ghetto Superstar é de Pras/ODB/Mýa; Mayfield não participa,,
7750,Oséias de Paula,Ozéias de Paula,Glória e Louvor,album,2001,INVALIDA_PENDENTE,"Oséias e Ozéias de Paula são a mesma pessoa, duplicação artificial",,
7805,Solange Almeida,Aviões do Forró,Largado às Traças,song,2012,INVALIDA_PENDENTE,"Largado às Traças é de Zé Neto & Cristiano, não dessa parceria",,
7807,Geraldo Azevedo,Alceu Valença,Anunciação,song,1997,INVALIDA_PENDENTE,"Anunciação é hit solo de Alceu Valença, não parceria com Geraldo",,
7808,Geraldo Azevedo,Dominguinhos,Asa Branca,live,2000,INVALIDA_PENDENTE,Asa Branca é de Luiz Gonzaga; live atribuído indevidamente,,
7810,Alceu Valença,Dominguinhos,Xote das Meninas,live,1998,INVALIDA_PENDENTE,"Xote das Meninas é de Luiz Gonzaga, não parceria Alceu/Dominguinhos",,
7824,Calcinha Preta,Xand Avião,Show das Poderosas,live,2017,INVALIDA_PENDENTE,"Show das Poderosas é da Anitta, não parceria Calcinha Preta/Xand",,
8121,Emicida,Gloria Groove,Libre Soy (feat. Gloria Groove),feature,2020,INVALIDA_PENDENTE,"Libre Soy é versão Frozen de Gloria Groove, sem Emicida",,
8127,Anitta,Pabllo Vittar,Sua Cara (feat. J Balvin),feature,2017,INVALIDA_PENDENTE,"Sua Cara é Major Lazer feat Anitta e Pabllo, não feat J Balvin",,
8138,Mahmundi,Letrux,Vaporwave Tropical,song,2018,INVALIDA_PENDENTE,título Vaporwave Tropical com Letrux parece fabricado,,
8155,Nação Zumbi,Raimundos,Manguebeat Ao Vivo,live,1999,INVALIDA_PENDENTE,live Manguebeat de Nação Zumbi com Raimundos parece fabricada,,
8159,Jota Quest,Capital Inicial,Rock Brasileiro Hoje,live,2008,INVALIDA_PENDENTE,título genérico Rock Brasileiro Hoje parece fabricado,,
8162,Paralamas do Sucesso,Engenheiros do Hawaii,Rock Clássico Brasileiro,live,2009,INVALIDA_PENDENTE,título genérico Rock Clássico Brasileiro parece fabricado,,
8164,Engenheiros do Hawaii,Capital Inicial,Anos 80 Ao Vivo,live,2005,INVALIDA_PENDENTE,título genérico Anos 80 Ao Vivo parece fabricado,,
8165,Barão Vermelho,Titãs,Rock Brasileiro Anos 80,live,1997,INVALIDA_PENDENTE,título genérico Rock Brasileiro Anos 80 parece fabricado,,
8166,Titãs,Engenheiros do Hawaii,Titãs e Engenheiros,live,1999,INVALIDA_PENDENTE,título genérico Titãs e Engenheiros parece fabricado,,
8176,Zeca Baleiro,Lenine,Nordeste Ao Vivo,live,2007,INVALIDA_PENDENTE,título genérico Nordeste Ao Vivo parece fabricado,,
8178,Cássia Eller,Paralamas do Sucesso,Ao Vivo Cássia,live,1997,INVALIDA_PENDENTE,título genérico Ao Vivo Cássia parece fabricado,,
8181,Cidade Negra,Natiruts,Reggae no Brasil,live,2002,INVALIDA_PENDENTE,título genérico Reggae no Brasil parece fabricado,,
8182,Natiruts,Ponto de Equilíbrio,Natiruts e Ponto,live,2006,INVALIDA_PENDENTE,título genérico Natiruts e Ponto parece fabricado,,
8183,Ponto de Equilíbrio,Planta e Raiz,Reggae Roots Brasil,song,2008,INVALIDA_PENDENTE,título genérico Reggae Roots Brasil parece fabricado,,
8186,Marcelo Falcão,Charlie Brown Jr.,CBJ e Marcelo,live,2013,INVALIDA_PENDENTE,título genérico CBJ e Marcelo parece fabricado,,
9201,William Onyeabor,Sufjan Stevens,African Festival Feature,live,2013,INVALIDA_PENDENTE,Onyeabor não tocava ao vivo; par implausível com Sufjan,,
9246,Bizarrap,WOS,"WOS: Bzrp Music Sessions, Vol. 98",song,2018,INVALIDA_PENDENTE,WOS Vol. 98 não existe (real é Vol. 12); ano errado,,
9554,Linn da Quebrada,Luísa Sonza,Corpo Sensual,song,2022,INVALIDA_PENDENTE,"Corpo Sensual é de Pabllo Vittar, não dessa dupla",,
9567,Juanes,Carlos Rivera,Tu Falta de Querer,song,2020,INVALIDA_PENDENTE,"Tu Falta de Querer é de Mon Laferte, não dessa dupla",,
9571,Ricky Martin,Maluma,No Me Conoce,song,2018,INVALIDA_PENDENTE,"No Me Conoce é de Jhay Cortez/Bad Bunny, não Ricky Martin",,
9619,Oruam,MC Cabelinho,Poesia Acústica,song,2022,INVALIDA_PENDENTE,"Poesia Acústica é série do Pineapple, não dessa dupla isolada",,
9629,Peso Pluma,Bad Bunny,La Comunidad,song,2023,INVALIDA_PENDENTE,não existe colaboração documentada Peso Pluma com Bad Bunny,,
10080,Basshunter,Alan Walker,Scandinavia Bass,song,2019,INVALIDA_PENDENTE,"título genérico, sem colaboração documentada Basshunter/Alan Walker",,
10081,Basshunter,Kygo,Bass Drive,song,2018,INVALIDA_PENDENTE,"sem música real Basshunter/Kygo, título genérico",,
10082,Basshunter,Swedish House Mafia,Nordic Rave,live,2010,INVALIDA_PENDENTE,"show fabricado, título genérico",,
10084,Avicii,Kygo,Norwegian Forest,song,2015,INVALIDA_PENDENTE,sem música real Avicii/Kygo,,
10085,Ace of Base,Roxette,Swedish Pop Legends Tour,live,2002,INVALIDA_PENDENTE,turnê fabricada com título genérico,,
10086,Ace of Base,ABBA,Swedish Pop History,live,2000,INVALIDA_PENDENTE,"ABBA inativa em 2000, show fabricado",,
10087,ABBA,Roxette,Scandinavian Pop Icons,live,1998,INVALIDA_PENDENTE,"ABBA inativa em 1998, evento fabricado",,
10088,ABBA,Robyn,Swedish Generations,live,2010,INVALIDA_PENDENTE,colaboração ao vivo fabricada,,
10089,Roxette,Robyn,Swedish Divas,live,2008,INVALIDA_PENDENTE,"título genérico, show inexistente",,
10090,Roxette,Ace of Base,Retro Sweden Night,live,2005,INVALIDA_PENDENTE,"evento fabricado, título genérico",,
10091,Björk,Of Monsters and Men,Iceland Together,live,2015,INVALIDA_PENDENTE,"show ao vivo fabricado, título genérico",,
10092,Björk,First Aid Kit,Scandinavian Women Unite,live,2017,INVALIDA_PENDENTE,"evento fabricado, título temático genérico",,
10093,Björk,Sigrid,Nordic Women Music,live,2019,INVALIDA_PENDENTE,colaboração ao vivo fabricada,,
10100,Röyksopp,Kygo,Northern Drift,song,2016,INVALIDA_PENDENTE,sem música real Röyksopp/Kygo,,
10143,Ghost,Ariya,Metal Connection Europe,live,2018,INVALIDA_PENDENTE,"'Ariya' não é ato reconhecido, colaboração fabricada",,
10168,Natalia Szroeder,Natalia Kills,Natalia Duet,song,2020,INVALIDA_PENDENTE,"Natalia Kills não é polonesa, par improvável fabricado",,
10260,t.A.T.u.,Serebro,Russian Girl Groups,live,2010,INVALIDA_PENDENTE,"título descritivo genérico, show conjunto improvável",,
10261,Glukoza,Serebro,Russian Pop,live,2011,INVALIDA_PENDENTE,"título genérico fabricado, sem registro real",,
10263,Nyusha,Artik & Asti,Russian Divas,live,2018,INVALIDA_PENDENTE,"título descritivo genérico, live fabricada",,
10264,Nyusha,Polina Gagarina,Rossiyskiye Pevitsy,live,2017,INVALIDA_PENDENTE,título genérico fabricado,,
10266,Polina Gagarina,Alsou,Russia Beautiful Voices,live,2017,INVALIDA_PENDENTE,título descritivo genérico fabricado,,
10267,Dimash Kudaibergen,Alina Zagitova,Kazakhstan Russia Stars,live,2020,INVALIDA_PENDENTE,"patinadora x cantor, título genérico, improvável",,
10268,Dimash Kudaibergen,Valentina Monetta,International Connection,live,2021,INVALIDA_PENDENTE,"par improvável, título genérico fabricado",,
10269,Gjon's Tears,Tamta,Mediterranean Voices,live,2021,INVALIDA_PENDENTE,"título genérico fabricado, live improvável",,
10270,Gjon's Tears,Valentina Monetta,Eurovision Voices,live,2021,INVALIDA_PENDENTE,título genérico fabricado,,
10271,Gjon's Tears,Eleni Foureira,Eurovision Stars,live,2022,INVALIDA_PENDENTE,título genérico fabricado,,
10272,Valentina Monetta,Naviband,Eurovision Connections,live,2017,INVALIDA_PENDENTE,título genérico fabricado,,
10273,Valentina Monetta,Efendi,Small Countries Eurovision,live,2021,INVALIDA_PENDENTE,título genérico fabricado,,
10275,Efendi,Tamta,Balkan Pop Stars,song,2022,INVALIDA_PENDENTE,título genérico fabricado,,
10276,Naviband,ZENA,Belarus Eurovision,live,2019,INVALIDA_PENDENTE,título genérico fabricado,,
10279,Andrei Lenitsky,Naviband,Belarus Together,live,2019,INVALIDA_PENDENTE,título genérico fabricado,,
10280,Ivi Adamou,Helena Paparizou,Greek Cypriot Connection,live,2012,INVALIDA_PENDENTE,título descritivo genérico fabricado,,
10282,Ivi Adamou,Tamta,Cypriot Stars,song,2020,INVALIDA_PENDENTE,título genérico fabricado,,
10283,Ivi Adamou,Paola,Cyprus Sisters,song,2015,INVALIDA_PENDENTE,título genérico fabricado,,
10285,Despina Vandi,Notis Sfakianakis,Laïká Night,live,2010,INVALIDA_PENDENTE,título genérico fabricado,,
10287,Despina Vandi,Stavros Flatley,Hellenic Dance,live,2010,INVALIDA_PENDENTE,"Stavros Flatley é dupla cômica de dança, colaboração fabricada",,
10291,Sakis Rouvas,Kostas Martakis,Greek Boys Pop,live,2010,INVALIDA_PENDENTE,título genérico fabricado,,
10292,Sakis Rouvas,Demy,Greek Celebrities,live,2018,INVALIDA_PENDENTE,título genérico fabricado,,
10293,Eleni Foureira,Tamta,Balkan Party,song,2019,INVALIDA_PENDENTE,título genérico fabricado,,
10294,Eleni Foureira,Ivi Adamou,Balkan Festival,live,2021,INVALIDA_PENDENTE,título genérico fabricado,,
10295,Antique,Despina Vandi,Greek Night,live,2006,INVALIDA_PENDENTE,título genérico fabricado,,
10296,Nikos Vertis,Despina Vandi,Greek Love Songs,live,2012,INVALIDA_PENDENTE,título genérico fabricado,,
10297,Nikos Vertis,Giorgos Mazonakis,Laïká Duet,song,2011,INVALIDA_PENDENTE,título genérico fabricado,,
10298,Giorgos Mazonakis,Notis Sfakianakis,Greek Night,live,2009,INVALIDA_PENDENTE,título genérico fabricado,,
10299,Giorgos Mazonakis,Despina Vandi,Greek Summer,song,2012,INVALIDA_PENDENTE,título genérico fabricado,,
10300,Paola,Helena Paparizou,Cypriot Greek Night,live,2013,INVALIDA_PENDENTE,título genérico fabricado,,
10301,Kostas Martakis,Sarbel,Greek Boys Eurovision,live,2012,INVALIDA_PENDENTE,título genérico fabricado,,
10302,Stereo Mike,Sarbel,Greek Boys,live,2012,INVALIDA_PENDENTE,"título genérico fabricado, par improvável",,
10304,Alexandra Stan,Edward Maya,Romanian Night,song,2012,INVALIDA_PENDENTE,título genérico fabricado,,
10305,Alexandra Stan,Akcent,Romanian Dance Pop,song,2013,INVALIDA_PENDENTE,título genérico fabricado,,
10306,Edward Maya,Inna,Romanian Vibes,song,2010,INVALIDA_PENDENTE,título genérico fabricado,,
10307,Edward Maya,Akcent,Romanian Beats,song,2011,INVALIDA_PENDENTE,título genérico fabricado,,
10308,Costi,Connect-R,Romanian Production,song,2013,INVALIDA_PENDENTE,título genérico fabricado,,
10309,Akcent,Inna,Balkan Night,song,2011,INVALIDA_PENDENTE,título genérico fabricado,,
10311,Smiley,Alex Velea,Romanian Pop,song,2015,INVALIDA_PENDENTE,título genérico fabricado,,
10314,Lora,Irina Rimes,Pop Feminin Romania,song,2019,INVALIDA_PENDENTE,título genérico fabricado,,
10315,Lora,What's Up,Romanian Pop Duet,song,2016,INVALIDA_PENDENTE,título genérico fabricado,,
10316,Alex Velea,Costi,Production Collab,song,2017,INVALIDA_PENDENTE,título genérico fabricado,,
10319,Vanotek,Carla's Dreams,Romanian Electronic,song,2018,INVALIDA_PENDENTE,título genérico fabricado,,
10320,Carla's Dreams,Smiley,Moldovan Romanian Night,song,2018,INVALIDA_PENDENTE,título genérico fabricado,,
10321,Delia,Loredana,Romanian Pop Legends,live,2018,INVALIDA_PENDENTE,"título genérico fabricado, gênero bg incoerente",,
10322,Delia,Costi,Romanian Diva Production,song,2016,INVALIDA_PENDENTE,título genérico fabricado,,
10323,Loredana,Alex Velea,Romania Stage,live,2017,INVALIDA_PENDENTE,título genérico fabricado,,
10324,Speak,Smiley,Romanian Rap Pop,song,2017,INVALIDA_PENDENTE,título genérico fabricado,,
10325,Ioana Ignat,Carla's Dreams,Romanian Voices,song,2019,INVALIDA_PENDENTE,título genérico fabricado,,
10326,Ioana Ignat,Vanotek,Romanian Pop Electronic,song,2020,INVALIDA_PENDENTE,título genérico fabricado,,
10327,Ioana Ignat,Smiley,Romanian Young Star,song,2021,INVALIDA_PENDENTE,título genérico fabricado,,
10330,Jain,-M-,European Pop Ladies,live,2018,INVALIDA_PENDENTE,título genérico fabricado,,
10331,Jain,Zara Larsson,Pop Ladies Europe,live,2019,INVALIDA_PENDENTE,"título genérico fabricado, live improvável",,
10332,Monika Lewczuk,Dawid Podsiadło,Polish Music Scene,live,2018,INVALIDA_PENDENTE,título genérico fabricado,,
10337,Stavros Flatley,Antique,Greek Heritage Night,live,2011,INVALIDA_PENDENTE,"Stavros Flatley dupla cômica, colaboração fabricada",,
10339,John Newman,Zara Larsson,Pop Night Europe,live,2017,INVALIDA_PENDENTE,título genérico fabricado,,
10342,Dua Lipa,Zara Larsson,Pop Queens,live,2018,INVALIDA_PENDENTE,"título genérico fabricado, live improvável",,
10343,Dua Lipa,Sigrid,Pop Ladies Tour,live,2019,INVALIDA_PENDENTE,"título genérico fabricado, live improvável",,
10344,Coldplay,Kygo,Festival Stage Collab,live,2022,INVALIDA_PENDENTE,título genérico fabricado,,
10346,Alina Zagitova,Polina Gagarina,Russian Ice Show,live,2019,INVALIDA_PENDENTE,"patinadora x cantora, título genérico fabricado",,
10347,Alina Zagitova,Dima Bilan,Russian Stars on Ice,live,2020,INVALIDA_PENDENTE,"patinadora x cantor, título genérico fabricado",,
10348,Ozark Henry,Alan Walker,Scandinavian Electronic Link,song,2020,INVALIDA_PENDENTE,"título genérico fabricado, par improvável",,
10349,Ozark Henry,Kygo,Chill Electronic Collab,song,2021,INVALIDA_PENDENTE,"título genérico fabricado, par improvável",,
10350,Avicii,Sigrid,Nordic EDM Pop,song,2017,INVALIDA_PENDENTE,"título genérico inventado, sem colaboração documentada Avicii x Sigrid",,
10351,Avicii,Alan Walker,Scandi Drop,song,2016,INVALIDA_PENDENTE,"título 'Scandi Drop' fabricado, sem música Avicii x Alan Walker",,
10359,Agnez Mo,BTS,Not A Single Word,feature,2021,INVALIDA_PENDENTE,"colaboração Agnez Mo x BTS não existe, título fabricado",,
10364,Warren Hue,BTS,Yet to Come,feature,2022,INVALIDA_PENDENTE,"'Yet to Come' é do BTS sozinho, sem Warren Hue",,
10366,NIKI,Warren Hue,Buzzcut,song,2021,INVALIDA_PENDENTE,"'Buzzcut' é Rich Brian, não NIKI x Warren Hue",,
10390,Juan Karlos,Moira Dela Torre,Buwan,song,2020,INVALIDA_PENDENTE,"'Buwan' é do Juan Karlos sozinho, sem Moira Dela Torre",,
10396,Gloc-9,Flow G,Upuan,song,2010,INVALIDA_PENDENTE,"'Upuan' é do Gloc-9 feat. Jeazell Grutas, não Flow G",,
10400,Abra,Gloc-9,Magbalik,song,2015,INVALIDA_PENDENTE,"'Magbalik' é do Callalily, não Abra x Gloc-9",,
10407,BINI,SB19,Pantropiko,feature,2023,INVALIDA_PENDENTE,"'Pantropiko' é do BINI sozinho, sem SB19",,
10408,SunKissed Lola,Ben&Ben,Pagtingin,song,2022,INVALIDA_PENDENTE,"'Pagtingin' é do Ben&Ben, não SunKissed Lola",,
10411,Ebe Dancel,Bamboo,Noypi,song,2019,INVALIDA_PENDENTE,"'Noypi' é do Bamboo, não Ebe Dancel",,
10438,Rizky Febian,Mahalini,Adu Rayu,song,2023,INVALIDA_PENDENTE,"'Adu Rayu' é Yovie/Tulus/Glenn, não Rizky Febian x Mahalini",,
11115,Peter Bjorn and John,Cœur de Pirate,Young Folks,song,2007,INVALIDA_PENDENTE,"Young Folks é com Victoria Bergsman, não Cœur de Pirate",,
11121,dawn_golden,ODESZA,Say My Name,song,2014,INVALIDA_PENDENTE,"Say My Name da ODESZA é com Zyra, não dawn golden",,
11135,Dimmu Borgir,Cradle of Filth,Heartwork,song,2003,INVALIDA_PENDENTE,"Heartwork é álbum do Carcass, não desses",,
11147,The Who,The Rolling Stones,The Kids Are Alright,song,1965,INVALIDA_PENDENTE,The Kids Are Alright é só do The Who,,
11152,Claptone,Seal,No Eyes,song,2016,INVALIDA_PENDENTE,"No Eyes do Claptone é feat Jaw, não Seal",,
11157,Breakbot,Ed Sheeran,Break of Dawn,song,2012,INVALIDA_PENDENTE,Ed Sheeran em faixa de Breakbot é fabricação cross-genre,,
11442,Aurora Aksnes,Billie Eilish,"No Time to Die (AURORA cover, released by Billie Eilish)",song,2020,INVALIDA_PENDENTE,"'No Time to Die' é da Billie Eilish, não colaboração com AURORA",,
11458,Alanis Morissette,Dave Coulier,You Oughta Know (written about),song,1995,INVALIDA_PENDENTE,"Coulier é inspiração da letra, não colaboração musical",,
11462,Nirvana,David Bowie,The Man Who Sold the World,song,1993,INVALIDA_PENDENTE,"cover do Nirvana de música do Bowie, não colaboração",,
11477,Tower of Power,Santana,"Africa Speaks, America Responds",album,1972,INVALIDA_PENDENTE,título fabricado; não há álbum conjunto Tower of Power x Santana,,
11478,The Vandellas,Marvin Gaye,Dancing in the Street,song,1964,INVALIDA_PENDENTE,"'Dancing in the Street' é de Martha & the Vandellas, não de Marvin Gaye",,
11485,Snow Patrol,Gary Lightbody,Run (covered by Leona Lewis),song,2008,INVALIDA_PENDENTE,"Lightbody é o vocalista do Snow Patrol, não colaboração externa",,
11487,Geri Halliwell,Spice Girls,Wannabe,song,1996,INVALIDA_PENDENTE,"Geri Halliwell é membro das Spice Girls, não colaboração",,
11488,Morrissey,Johnny Marr,This Charming Man (The Smiths),song,1983,INVALIDA_PENDENTE,"Morrissey e Marr são The Smiths, não colaboração externa",,
12244,Post Malone,Travis Scott,No Bystanders,feature,2018,INVALIDA_PENDENTE,"'No Bystanders' (Astroworld) tem Juice WRLD e Sheck Wes, não Post Malone",,
12250,Billie Eilish,Gorillaz,The Valley of The Pagans,feature,2020,INVALIDA_PENDENTE,"'The Valley of the Pagans' do Gorillaz é com Beck, não Billie Eilish",,
12256,Doja Cat,Young Thug,The Real Slim Shady,feature,2020,INVALIDA_PENDENTE,"'The Real Slim Shady' é do Eminem, não colaboração Doja x Young Thug",,
12276,Pharrell Williams,Nelly,Hot in Herre,feature,2002,INVALIDA_PENDENTE,"'Hot in Herre' é Nelly produzido por Pharrell/Neptunes, não feature de Pharrell",,
12277,Pharrell Williams,Gwen Stefani,Hollaback Girl,feature,2004,INVALIDA_PENDENTE,"'Hollaback Girl' é Gwen Stefani produzida por Pharrell, não feature dele",,
12282,50 Cent,Young Buck,Wanksta,feature,2003,INVALIDA_PENDENTE,"'Wanksta' é solo de 50 Cent (8 Mile OST), sem Young Buck",,
12285,DJ Khaled,Beyoncé,Hold You Down,feature,2015,INVALIDA_PENDENTE,"'Hold You Down' tem Chris Brown/Alsina/Future/Jeremih, não Beyoncé",,
12301,Sia,Diplo,Elastic Heart,feature,2014,INVALIDA_PENDENTE,"'Elastic Heart' Sia produzida com Diplo/Greg Kurstin, não feature de Diplo",,
12314,Adele,Beyoncé,No Angel,feature,2013,INVALIDA_PENDENTE,'No Angel' é da Beyoncé (2013) sem Adele; feature fabricado,,
12323,Metro Boomin,Future,Super Slimey,album,2017,INVALIDA_PENDENTE,"'Super Slimey' é mixtape Future x Young Thug, não Metro Boomin",,
12324,Metro Boomin,Post Malone,No Complaints,song,2017,INVALIDA_PENDENTE,"'No Complaints' Metro Boomin tem Offset e Drake, não Post Malone",,
13152,Waka Flocka Flame,Drake,Grove St. Party,song,2010,INVALIDA_PENDENTE,"'Grove St. Party' é Waka Flocka feat. Kebo Gotti, não Drake",,
13205,Christine and the Queens,Madonna,Runway,song,2015,INVALIDA_PENDENTE,'Runway' Christine and the Queens com Madonna não existe; fabricação,,
13493,Pulp,Common People,Common People,song,1995,INVALIDA_PENDENTE,"Common People não é artista, é a própria música",,
14490,Beyoncé,Andre 3000,Back to Black,song,2007,INVALIDA_PENDENTE,'Back to Black' é da Amy Winehouse; não é feat Beyoncé/Andre 3000 em 2007,,
14511,Halsey,Travis Scott,11 Minutes,song,2019,INVALIDA_PENDENTE,"'11 Minutes' é com Travis Barker, não Travis Scott",,
14517,Meghan Trainor,Psy,Cheer Up,song,2016,INVALIDA_PENDENTE,'Cheer Up' é da TWICE; não é feat Meghan Trainor x Psy,,
14530,Normani,Ty Dolla $ign,Nicki & Normani,song,2018,INVALIDA_PENDENTE,título 'Nicki & Normani' fabricado; não é faixa real deles,,
14533,H.E.R.,Juice WRLD,Juice WRLD & H.E.R.,feature,2019,INVALIDA_PENDENTE,título 'Juice WRLD & H.E.R.' fabricado; não é faixa real,,
14558,Lana Del Rey,Sublime with Rome,Ride,song,2012,INVALIDA_PENDENTE,'Ride' é música solo de Lana Del Rey; não feat Sublime with Rome,,
14560,Avicii,Coldplay,A Sky Full of Stars,song,2014,INVALIDA_PENDENTE,"'A Sky Full of Stars' é do Coldplay, produzido por Avicii mas não feat",,
14571,Skrillex,Porter Robinson,Shelter,song,2016,INVALIDA_PENDENTE,"'Shelter' é Porter Robinson & Madeon, não envolve Skrillex",,
14613,Gunna,Roddy Ricch,Dollaz on My Head,song,2020,INVALIDA_PENDENTE,"Dollaz on My Head é Gunna/Young Thug, não Roddy Ricch",,
14623,Offset,Drake,No Heart,song,2016,INVALIDA_PENDENTE,"No Heart é 21 Savage/Metro, não Offset/Drake",,
14633,Timbaland,Ludacris,Do It Like a Dude,song,2010,INVALIDA_PENDENTE,"Do It Like a Dude é da Jessie J, não Timbaland/Ludacris",,
14634,Timbaland,SZA,I Ain't Worried (Remix),song,2022,INVALIDA_PENDENTE,I Ain't Worried é OneRepublic; remix Timbaland/SZA fabricado,,
14642,Big Sean,Chris Brown,Beware,song,2013,INVALIDA_PENDENTE,"Beware é Big Sean/Lil Wayne/Jhené, não Chris Brown",,
14652,Jack Harlow,Lil Wayne,Way Out,song,2020,INVALIDA_PENDENTE,"Way Out de Jack Harlow é com Big Sean, não Lil Wayne",,
14657,Jack Harlow,Lil Baby,Drip Hard,song,2020,INVALIDA_PENDENTE,"Drip Hard é Lil Baby/Gunna, não Jack Harlow",,
14668,Nas,Kelis,21 Questions,song,2003,INVALIDA_PENDENTE,"21 Questions é de 50 Cent/Nate Dogg, não Nas/Kelis",,
14768,BLACKPINK,Sia,The Album,feature,2020,INVALIDA_PENDENTE,"'The Album' é álbum, não feature único; título errado",,
14769,BLACKPINK,Tyga,Happy New Year,song,2018,INVALIDA_PENDENTE,BLACKPINK e Tyga não têm essa música juntos,,
14770,Jennie,Vince Staples,90s Rap (Collab),feature,2023,INVALIDA_PENDENTE,"título genérico fabricado, colab inexistente",,
14773,Jennie,Zico,Any Song (Remix),song,2020,INVALIDA_PENDENTE,'Any Song' é do Zico; remix com Jennie inexistente,,
14781,J-Hope,BTS,Dynamite,song,2020,INVALIDA_PENDENTE,"'Dynamite' é do BTS inteiro, não feat de J-Hope",,
14790,Red Hot Chili Peppers,Wu-Tang Clan,Pure Imagination (Live),live,2022,INVALIDA_PENDENTE,RHCP com Wu-Tang ao vivo é fabricação improvável,,
14791,Red Hot Chili Peppers,Elton John,True Blue,song,2022,INVALIDA_PENDENTE,RHCP com Elton John 'True Blue' inexistente,,
14793,Panic! at the Disco,Lil Wayne,I Write Sins Not Tragedies (Remix),song,2006,INVALIDA_PENDENTE,remix de Lil Wayne com Panic! inexistente,,
14794,Panic! at the Disco,Hayley Williams,Victorious (feature),feature,2016,INVALIDA_PENDENTE,'Victorious' não tem Hayley Williams,,
14796,The 1975,Taylor Swift,The 1975 (song),feature,2020,INVALIDA_PENDENTE,The 1975 com Taylor Swift feature inexistente,,
14805,Burna Boy,J. Balvin,Tu No Metes Cabra,song,2019,INVALIDA_PENDENTE,"'Tu No Metes Cabra' é de Bad Bunny, não Burna/Balvin",,
14816,Kacey Musgraves,León Larregui,Intercultural (feature),feature,2019,INVALIDA_PENDENTE,título genérico 'Intercultural' fabricado,,
14828,The Weeknd,J. Balvin,Miracle,song,2023,INVALIDA_PENDENTE,"'Miracle' é Calvin Harris/Ellie Goulding, não Weeknd/Balvin",,
14829,The Weeknd,SZA,Die for You (Remix),song,2023,INVALIDA_PENDENTE,"remix de 'Die for You' é com Ariana Grande, não SZA",,
14834,The Weeknd,Republic Records,Moth to a Flame,song,2021,INVALIDA_PENDENTE,"'Republic Records' é gravadora, não artista",,
14839,Sia,Kylie Minogue,A Sky Full of Stars,song,2013,INVALIDA_PENDENTE,"'A Sky Full of Stars' é do Coldplay, não Sia/Kylie",,
14844,Sia,LSD,Audio,song,2019,INVALIDA_PENDENTE,título 'Audio' genérico; LSD é grupo da própria Sia,,
14849,Tate McRae,Jeremy Zucker,we fell in love in october,song,2022,INVALIDA_PENDENTE,"'october' é de Jeremy Zucker/BENÉE, não Tate McRae",,
14872,Zedd,Alessia Cara,Stay the Night,song,2014,INVALIDA_PENDENTE,"'Stay the Night' é com Hailee/Hayley, não Alessia Cara",,
14883,Martin Garrix,Usher,Tremor,song,2014,INVALIDA_PENDENTE,"'Tremor' é instrumental, sem Usher",,
15573,Roddy Ricch,Luke Combs,Forever After All,song,2021,INVALIDA_PENDENTE,"Forever After All é solo de Luke Combs, sem Roddy Ricch",,
15653,Bizarrap,J. Balvin,Outro (Collab),song,2023,INVALIDA_PENDENTE,título genérico Outro Collab não é faixa real,,
15656,Marc Anthony,Will Smith,Gettin' Jiggy Wit It (Latin Remix),song,1998,INVALIDA_PENDENTE,remix latino de Will Smith com Marc Anthony inexistente,,
15657,Marc Anthony,Alejandro Fernández,Vivir Mi Vida (Remix),song,2014,INVALIDA_PENDENTE,Vivir Mi Vida remix com Alejandro Fernández inexistente,,
16341,Bad Bunny,Becky G,Volví,song,2021,INVALIDA_PENDENTE,"'Volví' é Aventura, não Becky G",,
16353,Rauw Alejandro,Rosalía,Vampire (Remix),song,2021,INVALIDA_PENDENTE,"'Vampire' é Olivia Rodrigo, Rauw/Rosalía fizeram 'Beso'",,
16374,Myke Towers,Bad Bunny,Gata Only (Remix),song,2023,INVALIDA_PENDENTE,"'Gata Only' é FloyyMenor/Cris Mj, não estes",,
16472,Green Day,Norah Jones,Love Is for Losers,song,2023,INVALIDA_PENDENTE,"Norah Jones colaborou com Billie Joe (Foreverly), não Green Day",,
16476,Hozier,Alicia Keys,In a Week (feat. Alicia Keys),song,2019,INVALIDA_PENDENTE,"original tem Karen Cowley, não Alicia Keys",,
16486,Wizkid,Starboy,Manya,song,2017,INVALIDA_PENDENTE,Starboy é o próprio alias/selo de Wizkid,,
16489,Ayra Starr,Seyi Vibez,Last Heartbreak Song,song,2023,INVALIDA_PENDENTE,"Last Heartbreak Song é com Giveon, não Seyi Vibez",,
16497,Morgan Wallen,Jason Aldean,Long Live Cowgirls (Duet),song,2022,INVALIDA_PENDENTE,"Long Live Cowgirls é com Ernest, não Aldean",,
16498,Morgan Wallen,Nelly,Wasted on You (Remix),song,2021,INVALIDA_PENDENTE,remix com Nelly não existe,,
16500,J. Balvin,Khalid,Ecuador,song,2023,INVALIDA_PENDENTE,faixa Ecuador com Khalid não existe,,
16504,Ariana Grande,Childish Gambino,Just Look Up,song,2021,INVALIDA_PENDENTE,"Just Look Up é da Ariana com Kid Cudi, não Gambino",,
16517,Justin Bieber,Blake Shelton,"10,000 Hours",song,2019,INVALIDA_PENDENTE,"10,000 Hours é do Dan + Shay, não Blake Shelton",,
16518,Shawn Mendes,Macklemore,Growing Pains,song,2017,INVALIDA_PENDENTE,colaboração inexistente,,
16520,Demi Lovato,Anitta,Mal Acostumbrado,song,2022,INVALIDA_PENDENTE,provável fabricação cross-cultural,,
16523,Demi Lovato,Iggy Pop,California Sober,song,2021,INVALIDA_PENDENTE,"California Sober é solo da Demi, sem Iggy Pop",,
16524,Demi Lovato,Sirah,Ain't Your Mama,song,2013,INVALIDA_PENDENTE,colaboração inexistente,,
16526,Demi Lovato,Kehlani,No Promises,song,2017,INVALIDA_PENDENTE,"No Promises é do Cheat Codes, não Kehlani",,
16528,Adele,Rick Rubin,30 (production),album,2021,INVALIDA_PENDENTE,"Rick Rubin produziu 21, não 30",,
16537,Doja Cat,Roddy Ricch,Streets,song,2021,INVALIDA_PENDENTE,Streets é solo da Doja Cat,,
16539,Doja Cat,Maluma,El Beso del Final,song,2022,INVALIDA_PENDENTE,colaboração inexistente,,
16548,Daniel Caesar,Raphael Saadiq,Get You,song,2017,INVALIDA_PENDENTE,"Get You tem Kali Uchis, não Raphael Saadiq",,
16552,Frank Ocean,John Mayer,Slide,song,2017,INVALIDA_PENDENTE,"Slide é do Calvin Harris com Frank e Migos, não Mayer",,
18119,Gunna,SZA,Fortnite,song,2023,INVALIDA_PENDENTE,título Fortnite improvável entre Gunna e SZA,,
18384,Wisin & Yandel,Maluma,Cuatro Babys (Yandel solo),song,2016,INVALIDA_PENDENTE,Cuatro Babys é de Maluma sem Yandel/Wisin,,
18439,Peso Pluma,Nicki Minaj,BZRP x Peso Pluma (remix feature),song,2023,INVALIDA_PENDENTE,"título confuso BZRP, feature Nicki Minaj inexistente",,
18447,Peso Pluma,Marshmello,El Hombre Que Perdio,song,2023,INVALIDA_PENDENTE,"colaboração com Marshmello, título fabricado",,
18448,Peso Pluma,El Alfa,La Jumpa,song,2023,INVALIDA_PENDENTE,"La Jumpa é Anuel/Bad Bunny, não Peso Pluma/El Alfa",,
